﻿<?xml version="1.0" encoding="UTF-8"?>
<addon
  id="skin.xonfluence"
  version="3.7"
  name="TONYWARLLEY"
  provider-name="@tonywarlley">
  <requires>
    <import addon="xbmc.gui" version="5.12.0"/>
	  <import addon="script.favourites" version="6.0.3"/>
	  <import addon="service.skin.widgets" version="0.0.32"/>
	  <import addon="service.library.data.provider" version="0.1.6"/>
	  <import addon="script.randomandlastitems" version="2.2.2"/>
  </requires>
  <extension
    point="xbmc.gui.skin"
    debugging="false"
    effectslowdown="1.0">
    <res width="1280" height="720" aspect="16:9" default="true" folder="720p" />
  </extension>
  <extension point="xbmc.addon.metadata">
    <summary lang="en">MOD by @tonywarlley BUILD Criada e desenvolvida por TONYWARLLEY  Se quiser fazer uma doação entre em contato : tony_wpb@hotmail.com. Obrigado!!.</summary>
    <summary lang="en_US">MOD by @tonywarlley BUILD Criada e desenvolvida por TONYWARLLEY  Se quiser fazer uma doação entre em contato : tony_wpb@hotmail.com. Obrigado!!.</summary>
    <summary lang="nl">MOD by @tonywarlley BUILD Criada e desenvolvida por TONYWARLLEY  Se quiser fazer uma doação entre em contato : tony_wpb@hotmail.com. Obrigado!!.</summary>
    <description lang="en">NEW BUILD TONYWARLLEY FULL for KODI 17 Proibida a Cópia e Venda, se gostou não esqueça de Deixar o LIKE se quiser fazer uma doação entre em contato : tony_wpb@hotmail.com. Obrigado!!</description>
    <description lang="en_US">NEW BUILD TONYWARLLEY FULL for KODI 17 Proibida a Cópia e Venda, se gostou não esqueça de Deixar o LIKE se quiser fazer uma doação entre em contato : tony_wpb@hotmail.com. Obrigado!!.</description>
    <description lang="nl">NEW BUILD TONYWARLLEY FULL for KODI 17 Proibida a Cópia e Venda, se gostou não esqueça de Deixar o LIKE se quiser fazer uma doação entre em contato : tony_wpb@hotmail.com. Obrigado!!.</description>
    <disclaimer lang="en">Doações entre em Contato: tony_wpb@hotmail.com</disclaimer>
    <disclaimer lang="en_US">Doações entre em Contato: tony_wpb@hotmail.com</disclaimer>
    <disclaimer lang="nl">Doações entre em Contato: tony_wpb@hotmail.com</disclaimer>
    <platform>all</platform>
    <assets>
      <icon>resources/icon.png</icon>
      <fanart>resources/fanart.jpg</fanart>
	    <screenshot>resources/screenshot-01.jpg</screenshot>
	    <screenshot>resources/screenshot-02.jpg</screenshot>
	    <screenshot>resources/screenshot-03.jpg</screenshot>
	    <screenshot>resources/screenshot-04.jpg</screenshot>
	    <screenshot>resources/screenshot-05.jpg</screenshot>
	    <screenshot>resources/screenshot-06.jpg</screenshot>
	    <screenshot>resources/screenshot-07.jpg</screenshot>
	    <screenshot>resources/screenshot-08.jpg</screenshot>
	    <screenshot>resources/screenshot-09.jpg</screenshot>
    </assets>
    <news>Novidades: Melhorias nas funcionalidades, Atualizações de todos Add-ons, Correções de Bugs, e muito mais, espero que gostem.</news>
  </extension>
</addon>
