<?xml version="1.0" encoding="UTF-8" standalone="yes"?>
<addon id="plugin.video.GPSCELL.matrix" name="GPSCELL" version="2.0.1+matrix.1" provider-name="Pedro"> 
<requires>
    <import addon="xbmc.python" version="3.0.0"/>
    <import addon="script.module.requests"/>
    <import addon="script.module.simplejson"/>
	<import addon="script.module.kodi-six" />
</requires>  
<extension point="xbmc.python.pluginsource" library="default.py">
	<provides>video</provides>
</extension>   
<extension point="xbmc.addon.metadata">
	<summary lang="en">GPSCELL - Exclusivo para clientes</summary>
	<summary lang="pt">GPSCELL - Exclusivo para clientes</summary>
	<description lang="en">Addon for kodi 19</description>
	<description lang="pt">Addon for kodi 19</description>
    <disclaimer lang="en">Os Canais presentes nesse servidor não são pagos mensalmente, contato 41 995993476.</disclaimer>
	<disclaimer lang="pt">O autor não é de forma alguma afiliado ao Kodi, Team Kodi ou a XBMC Foundation. Este é um recurso sem fins lucrativos.</disclaimer>
    <platform>all</platform>
	<assets>
       <icon>icon.png</icon>
       <fanart>fanart.jpg</fanart>
    </assets>
	<news>
v2.0.0.matrix.1
- GPSCELL
	</news>
</extension>
</addon>